"","p_val","avg_log2FC","pct.1","pct.2","p_val_adj","cluster","gene"
"HLA-DRA",5.93261306747195e-09,4.28094733835916,0.88,0.367,1.36450100551855e-06,"0","HLA-DRA"
"CST3",3.14931165590338e-08,4.96329433698086,0.76,0.167,7.24341680857776e-06,"0","CST3"
"HLA-DRB1",2.05180540779892e-07,3.73167818704058,0.74,0.133,4.71915243793752e-05,"0","HLA-DRB1"
"HLA-DPB1",4.15280536403273e-07,3.364392171126,0.76,0.167,9.55145233727528e-05,"0","HLA-DPB1"
"HLA-DPA1",6.36023087308146e-07,3.4864594450126,0.72,0.2,0.000146285310080874,"0","HLA-DPA1"
"LYZ",8.49374423905758e-07,3.87266242187989,0.8,0.367,0.000195356117498324,"0","LYZ"
"HLA-DRB5",3.02068539093092e-06,3.34454097629723,0.66,0.1,0.000694757639914112,"0","HLA-DRB5"
"HLA-DQB1",3.106642016526e-06,4.18169803268966,0.58,0.033,0.000714527663800979,"0","HLA-DQB1"
"TYMP",4.59014028164617e-06,3.40915923711393,0.62,0.1,0.00105573226477862,"0","TYMP"
"HLA-DMB",5.90592813098922e-06,10.1773384799757,0.5,0,0.00135836347012752,"0","HLA-DMB"
"SAT1",7.09093726047882e-06,2.02690219130946,0.86,0.467,0.00163091556991013,"0","SAT1"
"LST1",2.00971411139506e-05,3.24883108966036,0.62,0.133,0.00462234245620863,"0","LST1"
"S100A8",2.44559452886595e-05,5.63737985615997,0.54,0.067,0.00562486741639168,"0","S100A8"
"IFITM3",3.07452071668379e-05,3.9667872967224,0.5,0.033,0.00707139764837272,"0","IFITM3"
"GRN",5.15499778417361e-05,3.0205500043147,0.5,0.033,0.0118564949035993,"0","GRN"
"IFI30",5.37556844872888e-05,9.68575538543983,0.42,0,0.0123638074320764,"0","IFI30"
"SERPINA1",6.75939114462842e-05,4.51408823419178,0.46,0.033,0.0155465996326454,"0","SERPINA1"
"AIF1",0.000107764023162149,2.309297310859,0.68,0.2,0.0247857253272943,"0","AIF1"
"HLA-DQA1",0.000135865428369186,4.03175842843908,0.48,0.067,0.0312490485249128,"0","HLA-DQA1"
"GPX1",0.00014739828075494,2.25772459697772,0.82,0.4,0.0339016045736362,"0","GPX1"
"LY86",0.000249077573674983,9.64863091588295,0.36,0,0.0572878419452461,"0","LY86"
"FCGRT",0.000326617869198964,2.07782953047325,0.5,0.067,0.0751221099157617,"0","FCGRT"
"HCK",0.000406466782728598,8.99730974406966,0.34,0,0.0934873600275776,"0","HCK"
"HLA-DMA",0.000422237374122503,2.73433670068786,0.46,0.067,0.0971145960481756,"0","HLA-DMA"
"CD68",0.000489357898723508,3.42110132290423,0.4,0.033,0.112552316706407,"0","CD68"
"BID",0.000633264259424671,2.37347651939161,0.46,0.067,0.145650779667674,"0","BID"
"MS4A6A",0.000656699308119402,9.33947942510831,0.32,0,0.151040840867462,"0","MS4A6A"
"LRRC25",0.000656699308119402,9.01287802205904,0.32,0,0.151040840867462,"0","LRRC25"
"CFP",0.000691993518588063,2.13882287283027,0.46,0.067,0.159158509275255,"0","CFP"
"TALDO1",0.000971265663261001,1.8443132466737,0.68,0.2,0.22339110255003,"0","TALDO1"
"IL1B",0.00105085637210545,9.48686747578704,0.3,0,0.241696965584253,"0","IL1B"
"S100A9",0.00113195049646508,4.22228640401047,0.5,0.2,0.260348614186969,"0","S100A9"
"RNF130",0.00135867348912733,3.07470146897915,0.36,0.033,0.312494902499285,"0","RNF130"
"CTSB",0.00136026848124127,2.95389783168053,0.42,0.067,0.312861750685491,"0","CTSB"
"CD14",0.00166628549960302,8.67034745615967,0.28,0,0.383245664908693,"0","CD14"
"MPEG1",0.00166628549960302,8.40040280062786,0.28,0,0.383245664908693,"0","MPEG1"
"SMCO4",0.00166628549960302,8.31632719719957,0.28,0,0.383245664908693,"0","SMCO4"
"LINC00936",0.00216831157146102,0.982379713908953,0.42,0.067,0.498711661436035,"0","LINC00936"
"CD79A",0.00261933912155521,11.3591265649634,0.26,0,0.602447997957698,"0","CD79A"
"FPR1",0.00261933912155521,8.27332686852318,0.26,0,0.602447997957698,"0","FPR1"
"CFD",0.00295078504028723,2.54849033770591,0.38,0.067,0.678680559266063,"0","CFD"
"COTL1",0.00347077569966459,1.32281448714446,0.78,0.5,0.798278410922855,"0","COTL1"
"CTSS",0.00389658596908671,1.51196627495795,0.7,0.433,0.896214772889943,"0","CTSS"
"LGALS2",0.00393962150109362,2.1393247324888,0.38,0.067,0.906112945251532,"0","LGALS2"
"MS4A1",0.00408408697681084,10.9572943959495,0.24,0,0.939340004666493,"0","MS4A1"
"C5AR1",0.00408408697681084,8.67394960872824,0.24,0,0.939340004666493,"0","C5AR1"
"HLA-DQA2",0.00485226218611401,3.13143614122439,0.3,0.033,1,"0","HLA-DQA2"
"HVCN1",0.00631986720873168,9.87094726482472,0.22,0,1,"0","HVCN1"
"SCO2",0.00631986720873168,8.33397990989403,0.22,0,1,"0","SCO2"
"SDPR",0.00631986720873168,11.1215297187318,0.22,0,1,"0","SDPR"
"SPARC",0.00631986720873168,10.0686570445614,0.22,0,1,"0","SPARC"
"HIST1H2AC",0.00631986720873168,10.3953382645437,0.22,0,1,"0","HIST1H2AC"
"LGALS3",0.00661393484622153,1.59789439572099,0.42,0.1,1,"0","LGALS3"
"FCN1",0.0090685015593186,1.45673925763311,0.52,0.2,1,"0","FCN1"
"NCF1",0.00971209165265896,9.20338405644666,0.2,0,1,"0","NCF1"
"CLEC10A",0.00971209165265896,8.5264009601039,0.2,0,1,"0","CLEC10A"
"PF4",0.00971209165265896,12.0255950646704,0.2,0,1,"0","PF4"
"GNG11",0.00971209165265896,11.2582886393802,0.2,0,1,"0","GNG11"
"CLU",0.00971209165265896,11.0493426777055,0.2,0,1,"0","CLU"
"CD9",0.00971209165265896,10.8447069866354,0.2,0,1,"0","CD9"
"NRGN",0.00984374828357182,3.72301082343798,0.26,0.033,1,"0","NRGN"
"LCK",1.15760734331616e-11,7.79661972737438,0.733,0.02,2.66249688962716e-09,"1","LCK"
"CD3D",1.43341338798564e-10,8.52567838923029,0.7,0.04,3.29685079236697e-08,"1","CD3D"
"CD7",1.55699009241062e-10,6.4653156778272,0.7,0.04,3.58107721254441e-08,"1","CD7"
"GZMA",3.48170825503757e-09,8.09102994886342,0.6,0.02,8.00792898658642e-07,"1","GZMA"
"GZMM",3.48170825503757e-09,8.21862532274577,0.6,0.02,8.00792898658642e-07,"1","GZMM"
"IL32",4.13207823513062e-09,6.87897392244896,0.667,0.08,9.50377994080043e-07,"1","IL32"
"CTSW",7.43749839493546e-09,5.03615378693678,0.667,0.08,1.71062463083516e-06,"1","CTSW"
"CST7",9.50575840263923e-09,5.88322623069892,0.667,0.1,2.18632443260702e-06,"1","CST7"
"CD247",4.94569765141506e-08,6.47586539293593,0.533,0.02,1.13751045982546e-05,"1","CD247"
"PRF1",4.62255285160751e-07,6.45252827791907,0.533,0.06,0.000106318715586973,"1","PRF1"
"RARRES3",5.87624234826833e-07,3.66243924621119,0.667,0.2,0.000135153574010172,"1","RARRES3"
"NKG7",6.30230750253702e-07,5.19168190379566,0.7,0.28,0.000144953072558351,"1","NKG7"
"GYPC",7.40359601403284e-07,4.11407014064612,0.567,0.08,0.000170282708322755,"1","GYPC"
"CD3E",2.32145339285061e-06,3.86756078371576,0.6,0.14,0.000533934280355641,"1","CD3E"
"XBP1",2.82439571952509e-06,3.59517097436156,0.567,0.12,0.00064961101549077,"1","XBP1"
"GNLY",4.46451506141976e-06,7.63206509712792,0.5,0.08,0.00102683846412654,"1","GNLY"
"FGFBP2",5.07031480889708e-06,4.80818040605164,0.5,0.08,0.00116617240604633,"1","FGFBP2"
"LAMP1",5.75438716876597e-06,4.53264247910517,0.5,0.08,0.00132350904881617,"1","LAMP1"
"GZMH",1.59152824521502e-05,12.213488798263,0.333,0,0.00366051496399455,"1","GZMH"
"GZMB",2.1047982086575e-05,6.67469620627084,0.433,0.06,0.00484103587991225,"1","GZMB"
"KLRG1",4.76747403095334e-05,11.0927005567439,0.3,0,0.0109651902711927,"1","KLRG1"
"EIF4A2",5.78431349533837e-05,2.39256816689999,0.7,0.4,0.0133039210392782,"1","EIF4A2"
"LYAR",6.68181283138836e-05,4.04055193133192,0.5,0.12,0.0153681695121932,"1","LYAR"
"KLRD1",7.01696287386255e-05,5.37985461463724,0.333,0.02,0.0161390146098839,"1","KLRD1"
"SSR2",7.33802682413298e-05,2.50283656464735,0.7,0.42,0.0168774616955059,"1","SSR2"
"CCL4",7.52092493465639e-05,5.9164594927293,0.333,0.02,0.0172981273497097,"1","CCL4"
"ACAP1",8.2337665082699e-05,5.40984261420001,0.367,0.04,0.0189376629690208,"1","ACAP1"
"SRSF7",0.000122801093602298,2.95071527051169,0.7,0.36,0.0282442515285286,"1","SRSF7"
"AKR1C3",0.000139884904652332,10.7800887340063,0.267,0,0.0321735280700364,"1","AKR1C3"
"SPON2",0.000177921957241978,5.20168942033997,0.4,0.08,0.0409220501656549,"1","SPON2"
"NOSIP",0.000216116635901153,3.55824490687062,0.533,0.22,0.0497068262572653,"1","NOSIP"
"CD2",0.000241097789966949,6.2133223201481,0.333,0.04,0.0554524916923982,"1","CD2"
"IL7R",0.000278498273130756,4.06222294381926,0.533,0.22,0.0640546028200739,"1","IL7R"
"IFITM2",0.000339373267278065,0.98985144356094,0.933,0.68,0.0780558514739549,"1","IFITM2"
"XCL2",0.000402785180251053,10.0066926663652,0.233,0,0.0926405914577422,"1","XCL2"
"CCL5",0.000516404532787007,2.5917840658801,0.633,0.34,0.118773042541012,"1","CCL5"
"TTC38",0.000638722083158516,5.13209191590633,0.267,0.02,0.146906079126459,"1","TTC38"
"PPP1R18",0.000683520933073112,2.41191711793263,0.5,0.18,0.157209814606816,"1","PPP1R18"
"GIMAP1",0.0013016919393285,3.3887307331119,0.5,0.24,0.299389146045554,"1","GIMAP1"
"HNRNPF",0.00143523103807319,2.32387870794861,0.567,0.3,0.330103138756834,"1","HNRNPF"
"LDHB",0.00150958869164519,2.76618490514002,0.6,0.42,0.347205399078394,"1","LDHB"
"PTGDR",0.00186075226582694,7.38359284340387,0.233,0.02,0.427973021140196,"1","PTGDR"
"THYN1",0.00201805465810501,5.12116416732456,0.3,0.06,0.464152571364151,"1","THYN1"
"IL2RB",0.00240341483518347,3.59319036174865,0.233,0.02,0.552785412092198,"1","IL2RB"
"C12orf75",0.00263342313461012,3.66776056357765,0.3,0.06,0.605687320960329,"1","C12orf75"
"SAFB2",0.00318891404054478,9.95733027886236,0.167,0,0.733450229325299,"1","SAFB2"
"ALOX5AP",0.00353571370548034,1.82809334246882,0.467,0.18,0.813214152260477,"1","ALOX5AP"
"HSP90AA1",0.00448006436676973,1.35318059971384,0.6,0.4,1,"1","HSP90AA1"
"CD8A",0.00530310968468872,6.93123822486382,0.2,0.02,1,"1","CD8A"
"HNRNPA3",0.00589533206341786,1.85578437853593,0.5,0.28,1,"1","HNRNPA3"
"CRBN",0.00682022125625159,2.25689016862017,0.4,0.16,1,"1","CRBN"
"DLGAP1-AS1",0.008839048065306,8.88480864274001,0.133,0,1,"1","DLGAP1-AS1"
